camera_id,track_id,frame,timestamp,x1,y1,x2,y2,foot_x,foot_y,confidence
C5,1,0,1791972000.000,195.6,258.6,248.6,430.1,222.1,430.1,0.780
C5,1,1,1791972000.017,196.3,258.1,249.3,429.6,222.8,429.6,0.793
C5,1,2,1791972000.033,196.7,260.1,248.8,428.7,222.7,428.7,0.780
C5,1,3,1791972000.050,197.5,259.9,249.9,429.1,223.7,429.1,0.826
C5,1,4,1791972000.067,197.7,259.8,250.4,429.9,224.0,429.9,0.837
C5,1,5,1791972000.083,198.2,261.6,250.4,429.4,224.3,429.4,0.842
C5,1,6,1791972000.100,198.0,263.4,250.0,429.8,224.0,429.8,0.851
C5,1,7,1791972000.117,197.9,263.3,250.4,430.1,224.1,430.1,0.831
C5,1,8,1791972000.133,198.1,263.1,250.9,430.7,224.5,430.7,0.816
C5,1,9,1791972000.150,198.1,264.4,250.8,430.8,224.5,430.8,0.832
C5,1,10,1791972000.167,198.1,264.3,251.1,431.5,224.6,431.5,0.801
C5,1,11,1791972000.183,197.6,263.1,251.4,432.5,224.5,432.5,0.827
C5,1,12,1791972000.200,197.5,263.4,251.7,433.6,224.6,433.6,0.845
C5,1,13,1791972000.217,197.5,263.7,252.3,435.1,224.9,435.1,0.834
C5,1,14,1791972000.233,197.6,267.7,251.6,435.7,224.6,435.7,0.839
C5,1,15,1791972000.250,196.7,262.7,252.6,436.4,224.7,436.4,0.838
C5,1,16,1791972000.267,196.8,269.5,251.1,437.5,223.9,437.5,0.834
C5,1,17,1791972000.283,196.2,269.1,251.2,438.9,223.7,438.9,0.828
C5,1,18,1791972000.300,195.2,261.9,252.9,440.8,224.0,440.8,0.831
C5,1,19,1791972000.317,195.2,262.7,253.0,441.9,224.1,441.9,0.821
C5,1,20,1791972000.333,195.4,263.5,253.0,442.4,224.2,442.4,0.820
C5,1,21,1791972000.350,195.2,263.0,253.1,443.0,224.1,443.0,0.833
C5,1,22,1791972000.367,194.9,261.8,253.2,443.4,224.1,443.4,0.823
C5,1,23,1791972000.383,194.2,259.9,253.2,443.9,223.7,443.9,0.832
C5,1,24,1791972000.400,194.0,258.3,253.3,443.8,223.6,443.8,0.826
C5,1,25,1791972000.417,193.7,258.0,253.2,444.9,223.4,444.9,0.850
C5,1,26,1791972000.433,193.4,258.3,253.0,445.6,223.2,445.6,0.843
C5,1,27,1791972000.450,193.2,257.5,253.0,446.1,223.1,446.1,0.851
C5,1,28,1791972000.467,192.9,257.6,252.9,447.0,222.9,447.0,0.850
C5,1,29,1791972000.483,192.4,257.5,252.6,448.0,222.5,448.0,0.861
C5,1,30,1791972000.500,191.9,257.4,252.4,449.0,222.2,449.0,0.861
C5,1,31,1791972000.517,191.6,257.0,252.2,449.4,221.9,449.4,0.870
C5,1,32,1791972000.533,191.3,256.9,251.9,449.7,221.6,449.7,0.864
C5,1,33,1791972000.550,191.1,255.5,251.9,449.3,221.5,449.3,0.872
C5,1,34,1791972000.567,190.8,254.7,251.6,449.0,221.2,449.0,0.874
C5,1,35,1791972000.583,190.6,254.6,251.5,449.8,221.0,449.8,0.868
C5,1,36,1791972000.600,191.0,258.4,250.7,449.7,220.9,449.7,0.850
C5,1,37,1791972000.617,190.4,257.6,250.4,450.0,220.4,450.0,0.851
C5,1,38,1791972000.633,190.1,256.2,250.4,450.0,220.3,450.0,0.848
C5,1,39,1791972000.650,189.9,254.7,250.5,450.0,220.2,450.0,0.873
C5,1,40,1791972000.667,189.7,254.3,250.4,450.3,220.1,450.3,0.883
C5,1,41,1791972000.683,189.7,254.1,250.3,450.2,220.0,450.2,0.879
C5,1,42,1791972000.700,189.6,253.5,250.3,450.0,220.0,450.0,0.876
C5,1,43,1791972000.717,189.9,253.9,250.3,449.9,220.1,449.9,0.860
C5,1,44,1791972000.733,190.4,256.2,250.1,449.8,220.2,449.8,0.855
C5,1,45,1791972000.750,190.3,254.5,250.3,449.5,220.3,449.5,0.857
C5,1,46,1791972000.767,189.7,253.1,250.1,449.6,219.9,449.6,0.876
C5,1,47,1791972000.783,189.2,252.3,249.7,449.5,219.5,449.5,0.878
C5,1,48,1791972000.800,189.0,252.1,249.6,449.4,219.3,449.4,0.876
C5,1,49,1791972000.817,188.9,252.0,249.3,449.2,219.1,449.2,0.875
C5,1,50,1791972000.833,188.7,252.1,249.1,449.2,218.9,449.2,0.870
C5,1,51,1791972000.850,188.3,252.0,248.7,449.1,218.5,449.1,0.879
C5,1,52,1791972000.867,188.2,251.5,248.7,449.5,218.5,449.5,0.876
C5,1,53,1791972000.883,188.1,251.3,248.7,450.5,218.4,450.5,0.872
C5,1,54,1791972000.900,188.0,250.3,249.0,451.5,218.5,451.5,0.871
C5,1,55,1791972000.917,188.0,251.4,248.8,452.4,218.4,452.4,0.853
C5,1,56,1791972000.933,188.1,251.8,249.0,453.9,218.6,453.9,0.858
C5,1,57,1791972000.950,188.1,251.4,249.3,455.6,218.7,455.6,0.863
C5,1,58,1791972000.967,188.1,252.2,249.2,457.3,218.6,457.3,0.861
C5,1,59,1791972000.983,188.5,252.9,249.1,457.0,218.8,457.0,0.854
C5,1,60,1791972001.000,188.6,252.9,248.8,456.4,218.7,456.4,0.856
C5,1,61,1791972001.017,188.2,253.0,248.9,459.6,218.6,459.6,0.863
C5,1,62,1791972001.033,188.2,253.5,248.6,459.9,218.4,459.9,0.859
C5,1,63,1791972001.050,189.4,253.1,248.2,454.5,218.8,454.5,0.865
C5,1,64,1791972001.067,189.8,253.2,248.3,454.1,219.1,454.1,0.859
C5,1,65,1791972001.083,190.5,253.4,248.3,451.2,219.4,451.2,0.859
C5,1,66,1791972001.100,190.2,253.6,249.2,455.9,219.7,455.9,0.856
C5,1,67,1791972001.117,190.0,253.5,249.6,458.3,219.8,458.3,0.859
C5,1,68,1791972001.133,190.0,253.7,250.2,460.5,220.1,460.5,0.862
C5,1,69,1791972001.150,190.4,254.1,250.8,461.5,220.6,461.5,0.865
C5,1,70,1791972001.166,190.8,254.0,250.8,459.9,220.8,459.9,0.867
C5,1,71,1791972001.183,190.8,254.0,251.4,461.8,221.1,461.8,0.875
C5,1,72,1791972001.200,190.8,253.7,252.2,463.9,221.5,463.9,0.889
C5,1,73,1791972001.216,191.1,253.3,252.8,464.4,221.9,464.4,0.883
C5,1,74,1791972001.233,191.1,252.5,253.4,465.0,222.2,465.0,0.884
C5,1,75,1791972001.250,191.1,251.4,253.8,465.2,222.5,465.2,0.882
C5,1,76,1791972001.266,191.3,250.7,254.1,464.5,222.7,464.5,0.876
C5,1,77,1791972001.283,191.7,250.3,254.5,463.6,223.1,463.6,0.889
C5,1,78,1791972001.300,191.8,250.0,254.9,463.4,223.3,463.4,0.880
C5,1,79,1791972001.316,192.0,248.9,255.9,464.3,224.0,464.3,0.878
C5,1,80,1791972001.333,192.0,247.5,256.5,464.6,224.3,464.6,0.885
C5,1,81,1791972001.350,192.2,247.1,257.2,464.6,224.7,464.6,0.878
C5,1,82,1791972001.366,192.0,246.4,257.5,464.8,224.8,464.8,0.881
C5,1,83,1791972001.383,192.0,246.3,257.6,464.2,224.8,464.2,0.878
C5,1,84,1791972001.400,191.8,245.7,257.8,464.1,224.8,464.1,0.881
C5,1,85,1791972001.416,191.4,245.7,257.7,464.1,224.5,464.1,0.892
C5,1,86,1791972001.433,191.0,245.5,257.7,464.3,224.4,464.3,0.889
C5,1,87,1791972001.450,190.5,245.5,257.8,465.4,224.1,465.4,0.879
C5,1,88,1791972001.466,190.1,245.5,258.1,467.0,224.1,467.0,0.874
C5,1,89,1791972001.483,190.0,245.5,258.5,468.7,224.2,468.7,0.880
C5,1,90,1791972001.500,189.7,245.6,258.9,470.6,224.3,470.6,0.895
C5,1,91,1791972001.516,189.5,245.7,259.3,472.7,224.4,472.7,0.894
C5,1,92,1791972001.533,189.0,245.2,259.5,474.6,224.3,474.6,0.892
C5,1,93,1791972001.550,188.9,246.0,259.6,476.2,224.3,476.2,0.888
C5,1,94,1791972001.566,188.7,246.7,259.8,477.8,224.3,477.8,0.894
C5,1,95,1791972001.583,188.7,246.9,260.0,478.1,224.4,478.1,0.894
C5,1,96,1791972001.600,189.4,247.1,259.1,471.5,224.3,471.5,0.883
C5,1,97,1791972001.616,189.0,247.4,259.7,474.5,224.4,474.5,0.881
C5,1,98,1791972001.633,188.2,247.4,260.2,478.6,224.2,478.6,0.887
C5,1,99,1791972001.650,188.2,247.7,260.5,479.5,224.3,479.5,0.885
C5,1,100,1791972001.666,187.8,247.8,260.6,481.2,224.2,481.2,0.890
C5,1,101,1791972001.683,187.4,247.6,260.5,481.9,223.9,481.9,0.889
C5,1,102,1791972001.700,187.4,247.7,260.7,482.6,224.1,482.6,0.888
C5,1,103,1791972001.716,187.0,247.5,260.4,482.9,223.7,482.9,0.895
C5,1,104,1791972001.733,186.8,246.9,260.4,482.8,223.6,482.8,0.893
C5,1,105,1791972001.750,186.7,246.5,260.5,482.8,223.6,482.8,0.886
C5,1,106,1791972001.766,186.5,246.2,260.4,482.7,223.4,482.7,0.889
C5,1,107,1791972001.783,186.1,246.2,260.1,482.8,223.1,482.8,0.896
C5,1,108,1791972001.800,186.1,245.8,260.1,482.7,223.1,482.7,0.900
C5,1,109,1791972001.816,185.9,245.1,260.2,482.5,223.0,482.5,0.899
C5,1,110,1791972001.833,185.7,244.5,260.2,482.4,222.9,482.4,0.896
C5,1,111,1791972001.850,185.7,244.1,260.4,482.3,223.0,482.3,0.896
C5,1,112,1791972001.866,185.8,243.9,260.7,482.3,223.3,482.3,0.891
C5,1,113,1791972001.883,185.8,244.1,260.8,482.2,223.3,482.2,0.888
C5,1,114,1791972001.900,185.6,243.9,260.8,482.1,223.2,482.1,0.886
C5,1,115,1791972001.916,185.5,243.9,260.9,482.1,223.2,482.1,0.893
C5,1,116,1791972001.933,185.4,243.9,260.8,482.0,223.1,482.0,0.894
C5,1,117,1791972001.950,185.4,243.8,261.0,481.9,223.2,481.9,0.892
C5,1,118,1791972001.966,185.9,243.6,261.7,482.0,223.8,482.0,0.891
C5,1,119,1791972001.983,185.7,243.1,261.9,481.8,223.8,481.8,0.892
C5,1,120,1791972002.000,186.2,243.6,262.3,481.8,224.3,481.8,0.897
C5,1,121,1791972002.016,186.2,243.0,262.5,482.0,224.4,482.0,0.895
C5,1,122,1791972002.033,185.5,242.1,262.3,482.8,223.9,482.8,0.893
C5,1,123,1791972002.050,185.2,242.3,262.0,483.7,223.6,483.7,0.894
C5,1,124,1791972002.066,185.0,241.8,262.3,485.6,223.7,485.6,0.891
C5,1,125,1791972002.083,184.7,242.0,262.3,487.9,223.5,487.9,0.891
C5,1,126,1791972002.100,184.8,242.0,262.8,490.5,223.8,490.5,0.890
C5,1,127,1791972002.116,185.4,242.6,262.8,490.8,224.1,490.8,0.887
C5,1,128,1791972002.133,185.7,242.5,263.2,492.7,224.5,492.7,0.877
C5,1,129,1791972002.150,187.1,243.6,262.7,488.0,224.9,488.0,0.880
C5,1,130,1791972002.166,188.1,244.4,262.6,485.7,225.4,485.7,0.873
C5,1,131,1791972002.183,188.7,244.7,262.7,484.6,225.7,484.6,0.860
C5,1,132,1791972002.200,188.9,244.9,263.2,485.5,226.0,485.5,0.862
C5,1,133,1791972002.216,189.3,244.2,263.3,483.9,226.3,483.9,0.880
C5,1,134,1791972002.233,188.3,243.6,265.0,492.9,226.6,492.9,0.852
C5,1,135,1791972002.250,187.0,242.9,266.7,503.9,226.8,503.9,0.862
C5,1,136,1791972002.266,187.2,242.2,267.6,507.8,227.4,507.8,0.863
C5,1,137,1791972002.283,188.4,241.8,269.2,509.0,228.8,509.0,0.866
C5,1,138,1791972002.300,189.9,241.1,269.1,503.0,229.5,503.0,0.854
C5,1,139,1791972002.316,190.7,241.0,270.7,505.8,230.7,505.8,0.866
C5,1,140,1791972002.333,191.4,240.3,272.3,509.3,231.9,509.3,0.893
C5,1,141,1791972002.350,192.5,239.7,273.9,510.8,233.2,510.8,0.891
C5,1,142,1791972002.366,193.4,239.4,274.7,511.4,234.0,511.4,0.880
C5,1,143,1791972002.383,194.5,240.0,274.9,508.9,234.7,508.9,0.868
C5,1,144,1791972002.400,195.3,239.6,276.0,509.7,235.6,509.7,0.878
C5,1,145,1791972002.416,195.8,240.0,276.5,510.4,236.1,510.4,0.891
C5,1,146,1791972002.433,196.4,239.5,277.2,510.9,236.8,510.9,0.895
C5,1,147,1791972002.450,197.4,240.5,278.0,511.3,237.7,511.3,0.902
C5,1,148,1791972002.466,198.4,240.5,279.1,511.5,238.7,511.5,0.904
C5,1,149,1791972002.483,199.2,240.5,279.8,511.4,239.5,511.4,0.908
C5,1,150,1791972002.500,200.0,240.7,280.8,511.7,240.4,511.7,0.910
C5,1,151,1791972002.516,200.5,240.7,281.6,511.7,241.1,511.7,0.901
C5,1,152,1791972002.533,201.2,241.1,282.4,511.5,241.8,511.5,0.914
C5,1,153,1791972002.550,201.6,241.1,283.3,512.0,242.5,512.0,0.908
C5,1,154,1791972002.566,201.7,241.3,283.9,512.6,242.8,512.6,0.905
C5,1,155,1791972002.583,201.6,240.1,284.5,512.5,243.0,512.5,0.897
C5,1,156,1791972002.600,201.4,238.4,285.4,513.1,243.4,513.1,0.899
C5,1,157,1791972002.616,201.4,238.7,286.3,515.0,243.9,515.0,0.896
C5,1,158,1791972002.633,201.2,238.7,287.3,517.9,244.3,517.9,0.897
C5,1,159,1791972002.650,201.0,239.3,288.4,521.9,244.7,521.9,0.902
C5,1,160,1791972002.666,200.5,239.6,289.2,525.8,244.9,525.8,0.905
C5,1,161,1791972002.683,200.4,238.6,290.6,529.3,245.5,529.3,0.906
C5,1,162,1791972002.700,200.7,237.9,292.3,532.9,246.5,532.9,0.903
C5,1,163,1791972002.716,200.9,237.3,293.5,535.3,247.2,535.3,0.893
C5,1,164,1791972002.733,201.0,236.9,294.6,537.6,247.8,537.6,0.895
C5,1,165,1791972002.750,201.1,236.4,295.9,541.0,248.5,541.0,0.904
C5,1,166,1791972002.766,201.2,235.8,296.9,543.2,249.1,543.2,0.894
C5,1,167,1791972002.783,201.5,236.1,297.4,544.0,249.5,544.0,0.893
C5,1,168,1791972002.800,201.9,237.3,297.9,545.3,249.9,545.3,0.903
C5,1,169,1791972002.816,201.6,238.0,298.4,548.2,250.0,548.2,0.907
C5,1,170,1791972002.833,201.6,238.4,298.7,549.6,250.1,549.6,0.908
C5,1,171,1791972002.850,201.4,238.1,299.1,551.4,250.3,551.4,0.913
C5,1,172,1791972002.866,201.7,237.0,300.0,552.4,250.8,552.4,0.911
C5,1,173,1791972002.883,202.0,238.8,300.0,552.7,251.0,552.7,0.910
C5,1,174,1791972002.900,201.0,238.2,299.3,552.8,250.2,552.8,0.896
C5,1,175,1791972002.916,200.5,238.1,299.0,553.2,249.7,553.2,0.905
C5,1,176,1791972002.933,200.4,238.6,298.9,553.7,249.7,553.7,0.906
C5,1,177,1791972002.950,200.8,239.5,299.4,554.5,250.1,554.5,0.907
C5,1,178,1791972002.966,201.3,240.0,300.0,555.2,250.7,555.2,0.910
C5,1,179,1791972002.983,201.4,238.6,300.7,555.5,251.0,555.5,0.914
C5,1,180,1791972003.000,201.0,236.6,300.8,554.8,250.9,554.8,0.914
C5,1,181,1791972003.016,200.3,234.4,300.6,554.4,250.5,554.4,0.916
C5,1,182,1791972003.033,199.7,233.3,300.5,554.6,250.1,554.6,0.911
C5,1,183,1791972003.050,199.7,233.4,300.7,554.7,250.2,554.7,0.923
C5,1,184,1791972003.066,199.4,232.3,300.8,554.9,250.1,554.9,0.911
C5,1,185,1791972003.083,199.2,231.4,301.0,555.0,250.1,555.0,0.910
C5,1,186,1791972003.100,198.7,231.7,300.7,555.8,249.7,555.8,0.908
C5,1,187,1791972003.116,198.2,232.6,300.3,556.0,249.3,556.0,0.907
C5,1,188,1791972003.133,198.1,232.2,300.0,554.8,249.0,554.8,0.901
C5,1,189,1791972003.150,198.0,231.7,299.9,553.6,248.9,553.6,0.900
C5,1,190,1791972003.166,198.2,230.7,300.2,553.2,249.2,553.2,0.902
C5,1,191,1791972003.183,197.7,229.9,300.1,553.3,248.9,553.3,0.903
C5,1,192,1791972003.200,197.0,230.5,299.6,554.5,248.3,554.5,0.902
C5,1,193,1791972003.216,196.9,229.6,300.2,556.9,248.5,556.9,0.901
C5,1,194,1791972003.233,196.5,229.7,300.7,561.9,248.6,561.9,0.903
C5,1,195,1791972003.250,195.5,230.2,300.9,567.6,248.2,567.6,0.895
C5,1,196,1791972003.266,195.1,230.2,301.3,572.5,248.2,572.5,0.893
C5,1,197,1791972003.283,194.8,230.1,301.7,577.3,248.2,577.3,0.891
C5,1,198,1791972003.300,195.3,230.2,301.7,578.6,248.5,578.6,0.870
C5,1,199,1791972003.316,195.0,230.3,302.1,583.8,248.6,583.8,0.864
C5,1,200,1791972003.333,197.6,230.4,299.5,566.9,248.6,566.9,0.901
C5,1,201,1791972003.350,198.8,231.8,298.4,560.7,248.6,560.7,0.905
C5,1,202,1791972003.366,198.7,232.6,297.6,558.8,248.2,558.8,0.911
C5,1,203,1791972003.383,199.0,233.9,297.4,558.2,248.2,558.2,0.914
C5,1,204,1791972003.400,199.2,234.5,297.5,558.0,248.3,558.0,0.911
C5,1,205,1791972003.416,198.8,235.2,297.4,559.4,248.1,559.4,0.911
C5,1,206,1791972003.433,198.2,235.9,297.9,562.3,248.1,562.3,0.897
C5,1,207,1791972003.449,197.5,236.1,298.1,563.9,247.8,563.9,0.917
C5,1,208,1791972003.466,197.2,236.1,298.5,564.6,247.9,564.6,0.915
C5,1,209,1791972003.483,196.9,235.8,299.0,565.9,248.0,565.9,0.919
C5,1,210,1791972003.499,196.8,235.5,299.8,567.0,248.3,567.0,0.915
C5,1,211,1791972003.516,197.1,235.6,300.4,566.7,248.7,566.7,0.919
C5,1,212,1791972003.533,197.4,235.3,301.2,566.9,249.3,566.9,0.914
C5,1,213,1791972003.549,197.5,235.6,302.4,569.6,250.0,569.6,0.905
C5,1,214,1791972003.566,197.0,234.7,304.6,577.2,250.8,577.2,0.864
C5,1,215,1791972003.583,197.8,234.3,305.4,576.0,251.6,576.0,0.899
C5,1,216,1791972003.599,198.4,232.8,306.7,576.2,252.5,576.2,0.906
C5,1,217,1791972003.616,197.4,231.0,309.0,585.8,253.2,585.8,0.862
C5,1,218,1791972003.633,197.2,230.1,309.9,588.8,253.6,588.8,0.871
C5,1,219,1791972003.649,197.7,228.2,311.6,591.1,254.7,591.1,0.884
C5,1,220,1791972003.666,198.9,227.5,311.2,584.2,255.1,584.2,0.919
C5,1,221,1791972003.683,199.0,227.4,311.3,582.8,255.2,582.8,0.917
C5,1,222,1791972003.699,198.4,226.9,312.2,586.5,255.3,586.5,0.917
C5,1,223,1791972003.716,197.5,226.8,313.2,591.8,255.3,591.8,0.917
C5,1,224,1791972003.733,196.0,226.3,313.7,596.7,254.8,596.7,0.914
C5,1,225,1791972003.749,194.3,225.2,314.3,602.7,254.3,602.7,0.907
C5,1,226,1791972003.766,193.0,224.9,315.0,608.2,254.0,608.2,0.908
C5,1,227,1791972003.783,191.6,224.7,315.5,614.1,253.6,614.1,0.923
C5,1,228,1791972003.799,189.9,225.0,315.9,621.3,252.9,621.3,0.896
C5,1,229,1791972003.816,188.6,224.8,315.9,625.2,252.3,625.2,0.884
C5,1,230,1791972003.833,186.9,224.7,316.5,632.7,251.7,632.7,0.895
C5,1,231,1791972003.849,185.2,225.0,317.1,640.3,251.2,640.3,0.910
C5,1,232,1791972003.866,183.3,225.1,317.3,647.4,250.3,647.4,0.917
C5,1,233,1791972003.883,181.3,224.5,317.3,653.3,249.3,653.3,0.881
C5,1,234,1791972003.899,180.2,225.9,317.5,659.0,248.8,659.0,0.867
C5,1,235,1791972003.916,179.5,226.5,317.9,663.3,248.7,663.3,0.888
C5,1,236,1791972003.933,178.9,227.5,318.2,667.0,248.5,667.0,0.899
C5,1,237,1791972003.949,178.0,228.4,318.8,672.5,248.4,672.5,0.875
C5,1,238,1791972003.966,177.8,227.2,319.5,673.9,248.6,673.9,0.867
C5,1,239,1791972003.983,179.6,226.6,316.9,656.3,248.2,656.3,0.865
C5,1,240,1791972003.999,176.6,228.4,319.1,675.0,247.9,675.0,0.874
C5,1,241,1791972004.016,175.0,227.6,318.9,679.1,246.9,679.1,0.886
C5,1,242,1791972004.033,173.8,228.6,319.0,684.4,246.4,684.4,0.885
C5,1,243,1791972004.049,173.3,232.7,318.0,687.5,245.7,687.5,0.875
C5,1,244,1791972004.066,171.5,230.5,317.7,690.2,244.6,690.2,0.883
C5,1,245,1791972004.083,171.7,237.0,316.1,690.7,243.9,690.7,0.865
C5,1,246,1791972004.099,171.7,244.6,313.9,690.1,242.8,690.1,0.858
C5,1,247,1791972004.116,168.2,233.8,314.1,691.4,241.2,691.4,0.851
C5,1,248,1791972004.133,166.2,229.1,313.5,692.1,239.9,692.1,0.850
C5,1,249,1791972004.149,164.1,226.5,312.1,692.9,238.1,692.9,0.855
C5,1,250,1791972004.166,162.8,225.1,310.4,691.0,236.6,691.0,0.857
C5,1,251,1791972004.183,161.0,223.0,309.1,691.5,235.1,691.5,0.849
C5,1,252,1791972004.199,158.2,220.7,306.9,692.1,232.5,692.1,0.839
C5,1,253,1791972004.216,154.5,218.1,303.8,692.3,229.1,692.3,0.830
C5,1,254,1791972004.233,152.5,216.9,301.7,691.8,227.1,691.8,0.824
C5,1,255,1791972004.249,150.8,216.2,300.1,691.6,225.4,691.6,0.824
C5,1,256,1791972004.266,148.9,213.6,298.1,687.5,223.5,687.5,0.834
C5,1,257,1791972004.283,146.3,211.7,295.9,687.1,221.1,687.1,0.858
C5,1,258,1791972004.299,143.9,209.7,290.1,671.9,217.0,671.9,0.869
C5,1,259,1791972004.316,137.0,208.8,286.6,682.3,211.8,682.3,0.873
C5,1,260,1791972004.333,132.1,208.6,279.2,671.7,205.6,671.7,0.824
C5,1,261,1791972004.349,126.7,208.3,276.1,678.8,201.4,678.8,0.830
C5,1,262,1791972004.366,123.7,208.9,273.7,681.3,198.7,681.3,0.857
C5,1,263,1791972004.383,120.8,208.1,272.2,685.9,196.5,685.9,0.874
C5,1,264,1791972004.399,118.3,207.3,270.8,689.8,194.6,689.8,0.871
C5,1,265,1791972004.416,116.4,206.2,269.8,693.3,193.1,693.3,0.871
C5,1,266,1791972004.433,115.0,205.8,268.2,695.0,191.6,695.0,0.865
C5,1,267,1791972004.449,112.9,206.0,265.6,695.4,189.2,695.4,0.873
C5,1,268,1791972004.466,110.3,205.9,263.7,699.6,187.0,699.6,0.881
C5,1,269,1791972004.483,108.8,205.8,262.2,700.6,185.5,700.6,0.877
C5,1,270,1791972004.499,107.5,209.2,261.3,707.1,184.4,707.1,0.863
C5,1,271,1791972004.516,108.0,210.7,258.9,699.4,183.4,699.4,0.875
C5,1,272,1791972004.533,107.7,210.6,258.5,699.2,183.1,699.2,0.862
C5,1,273,1791972004.549,106.4,209.9,259.4,706.2,182.9,706.2,0.849
C5,1,274,1791972004.566,105.1,206.5,261.5,716.9,183.3,716.9,0.824
C5,1,275,1791972004.583,104.0,208.3,263.7,732.6,183.8,732.6,0.844
C5,1,276,1791972004.599,103.8,206.0,262.9,730.6,183.4,730.6,0.844
C5,1,277,1791972004.616,104.9,209.2,261.7,727.6,183.3,727.6,0.848
C5,1,278,1791972004.633,102.8,210.9,263.5,745.9,183.2,745.9,0.823
C5,1,279,1791972004.649,103.4,212.8,263.9,750.5,183.7,750.5,0.834
C5,1,280,1791972004.666,104.1,209.2,263.5,745.8,183.8,745.8,0.844
C5,1,281,1791972004.683,105.1,211.7,263.5,746.7,184.3,746.7,0.844
C5,1,282,1791972004.699,106.1,208.2,264.1,743.8,185.1,743.8,0.832
C5,1,283,1791972004.716,107.9,206.4,264.5,739.0,186.2,739.0,0.836
C5,1,284,1791972004.733,110.0,210.9,267.7,748.0,188.9,748.0,0.821
C5,1,285,1791972004.749,113.0,206.8,269.4,739.5,191.2,739.5,0.825
C5,1,286,1791972004.766,115.0,204.3,271.3,737.1,193.1,737.1,0.822
C5,1,287,1791972004.783,116.6,204.5,272.4,735.3,194.5,735.3,0.810
C5,1,288,1791972004.799,118.3,203.1,274.7,737.2,196.5,737.2,0.836
C5,1,289,1791972004.816,120.4,202.6,277.1,738.2,198.7,738.2,0.822
C5,1,290,1791972004.833,123.2,202.4,279.4,737.2,201.3,737.2,0.816
C5,1,291,1791972004.849,124.8,202.0,281.5,739.8,203.1,739.8,0.824
C5,1,292,1791972004.866,126.1,201.2,283.3,741.9,204.7,741.9,0.824
C5,1,293,1791972004.883,128.7,201.1,283.9,734.7,206.3,734.7,0.857
C5,1,294,1791972004.899,130.9,202.2,285.3,732.7,208.1,732.7,0.856
C5,1,295,1791972004.916,131.7,202.0,288.7,741.9,210.2,741.9,0.874
C5,1,296,1791972004.933,132.4,203.0,294.4,761.2,213.4,761.2,0.831
C5,1,297,1791972004.949,133.0,203.9,297.8,772.8,215.4,772.8,0.847
C5,1,298,1791972004.966,135.2,202.9,300.0,772.2,217.6,772.2,0.807
C5,1,299,1791972004.983,138.5,197.8,301.8,759.5,220.1,759.5,0.818
C5,1,300,1791972004.999,141.1,199.3,308.0,771.8,224.5,771.8,0.788
C5,1,301,1791972005.016,143.4,194.4,311.3,767.7,227.4,767.7,0.785
C5,1,302,1791972005.033,145.0,192.2,314.8,769.5,229.9,769.5,0.817
C5,1,303,1791972005.049,145.9,196.7,317.6,778.6,231.7,778.6,0.830
C5,1,304,1791972005.066,146.7,196.8,321.9,788.7,234.3,788.7,0.830
C5,1,305,1791972005.083,145.9,195.9,329.0,815.0,237.5,815.0,0.827
C5,1,306,1791972005.099,146.8,196.5,333.8,828.9,240.3,828.9,0.837
C5,1,307,1791972005.116,147.5,195.0,337.0,836.1,242.3,836.1,0.820
C5,1,308,1791972005.133,149.0,195.2,340.0,841.2,244.5,841.2,0.827
C5,1,309,1791972005.149,154.6,189.5,337.9,803.2,246.3,803.2,0.800
C5,1,310,1791972005.166,157.5,187.7,339.0,789.8,248.3,789.8,0.781
C5,1,311,1791972005.183,156.5,195.4,343.9,815.9,250.2,815.9,0.837
C5,1,312,1791972005.199,156.8,195.1,347.5,826.2,252.1,826.2,0.824
C5,1,313,1791972005.216,157.9,195.7,349.2,828.4,253.6,828.4,0.852
C5,1,314,1791972005.233,159.6,198.3,349.8,826.7,254.7,826.7,0.858
C5,1,315,1791972005.249,161.5,199.6,350.2,822.8,255.9,822.8,0.859
C5,1,316,1791972005.266,163.1,202.2,350.2,819.9,256.7,819.9,0.853
C5,1,317,1791972005.283,164.2,202.5,350.7,819.3,257.4,819.3,0.837
C5,1,318,1791972005.299,165.0,201.3,350.9,818.2,257.9,818.2,0.808
C5,1,319,1791972005.316,164.4,187.7,351.2,811.8,257.8,811.8,0.766
C5,1,320,1791972005.333,165.2,194.4,350.3,816.6,257.8,816.6,0.769
C5,1,321,1791972005.349,169.1,180.4,343.0,765.2,256.1,765.2,0.733
C5,1,322,1791972005.366,169.2,174.2,339.1,747.2,254.1,747.2,0.719
C5,1,323,1791972005.383,163.8,175.7,340.0,778.4,251.9,778.4,0.789
C5,1,324,1791972005.399,161.3,175.4,335.6,777.8,248.5,777.8,0.800
C5,1,325,1791972005.416,155.1,175.2,328.2,778.7,241.6,778.7,0.823
C5,1,326,1791972005.433,149.4,175.7,321.2,781.7,235.3,781.7,0.831
C5,1,327,1791972005.449,146.1,175.7,315.6,781.1,230.8,781.1,0.803
C5,1,328,1791972005.466,143.7,175.6,311.4,782.9,227.5,782.9,0.780
C5,1,329,1791972005.483,143.5,176.0,308.6,781.2,226.1,781.2,0.788
C5,1,330,1791972005.499,141.4,175.8,306.2,788.6,223.8,788.6,0.802
C5,1,331,1791972005.516,143.0,175.5,306.3,788.5,224.6,788.5,0.854
C5,1,332,1791972005.533,142.3,175.4,304.6,789.2,223.5,789.2,0.825
C5,1,333,1791972005.549,143.0,173.7,303.0,782.3,223.0,782.3,0.753
C5,1,334,1791972005.566,140.8,173.2,300.9,785.8,220.8,785.8,0.720
C5,1,335,1791972005.583,138.7,172.4,299.3,789.6,219.0,789.6,0.756
C5,1,336,1791972005.599,138.0,173.5,297.9,788.7,218.0,788.7,0.761
C5,1,337,1791972005.616,138.0,174.5,298.0,791.2,218.0,791.2,0.764
C5,1,338,1791972005.633,138.5,175.5,297.6,788.2,218.1,788.2,0.743
C5,1,339,1791972005.649,139.2,175.3,298.0,785.9,218.6,785.9,0.720
C5,1,340,1791972005.666,140.1,175.1,299.0,784.0,219.5,784.0,0.710
C5,1,341,1791972005.683,140.4,174.6,299.7,783.3,220.1,783.3,0.746
C5,1,342,1791972005.699,141.3,174.9,300.8,781.6,221.0,781.6,0.729
C5,1,343,1791972005.716,150.4,175.3,313.0,779.7,231.7,779.7,0.709
C5,1,344,1791972005.733,147.2,178.3,319.8,813.2,233.5,813.2,0.724
C5,1,345,1791972005.749,145.9,178.1,317.8,802.7,231.8,802.7,0.697
C5,1,346,1791972005.766,141.4,178.8,321.7,829.0,231.5,829.0,0.694
C5,1,347,1791972005.782,138.5,182.0,321.9,838.7,230.2,838.7,0.718
C5,1,348,1791972005.799,138.7,180.0,317.8,812.3,228.3,812.3,0.695
C5,1,349,1791972005.816,136.2,176.2,310.0,780.2,223.1,780.2,0.732
C5,1,350,1791972005.832,132.2,178.5,309.7,783.9,221.0,783.9,0.771
C5,1,351,1791972005.849,125.4,178.1,307.4,789.5,216.4,789.5,0.770
C5,1,352,1791972005.866,117.4,179.3,303.9,800.7,210.7,800.7,0.750
C5,1,353,1791972005.882,112.5,187.0,306.3,827.3,209.4,827.3,0.751
C5,1,354,1791972005.899,111.6,191.3,308.3,833.3,209.9,833.3,0.792
C5,1,355,1791972005.916,109.7,194.1,307.5,832.8,208.6,832.8,0.821
C5,1,356,1791972005.932,107.3,193.7,308.2,835.2,207.8,835.2,0.815
C5,1,357,1791972005.949,104.0,195.1,306.4,834.9,205.2,834.9,0.834
C5,1,358,1791972005.966,101.4,200.0,302.7,830.5,202.1,830.5,0.837
C5,1,359,1791972005.982,99.0,203.7,299.7,827.7,199.3,827.7,0.857
C5,1,360,1791972005.999,96.5,203.9,298.2,827.6,197.4,827.6,0.861
C5,1,361,1791972006.016,95.7,211.0,298.1,834.2,196.9,834.2,0.848
C5,1,362,1791972006.032,94.6,217.1,296.3,834.8,195.4,834.8,0.846
C5,1,363,1791972006.049,93.9,213.2,294.6,824.3,194.2,824.3,0.848
C5,1,364,1791972006.066,90.8,208.2,292.7,820.2,191.7,820.2,0.850
C5,1,365,1791972006.082,87.1,201.9,291.5,820.6,189.3,820.6,0.855
C5,1,366,1791972006.099,85.0,200.2,290.5,821.6,187.7,821.6,0.859
C5,1,367,1791972006.116,84.0,199.6,289.6,820.5,186.8,820.5,0.860
C5,1,368,1791972006.132,83.2,200.9,286.8,814.9,185.0,814.9,0.869
C5,1,369,1791972006.149,81.6,201.3,284.6,812.9,183.1,812.9,0.860
C5,1,370,1791972006.166,81.0,200.6,281.8,804.5,181.4,804.5,0.860
C5,1,371,1791972006.182,79.3,190.1,281.0,797.1,180.1,797.1,0.856
C5,1,372,1791972006.199,77.4,186.1,280.3,797.3,178.9,797.3,0.840
C5,1,373,1791972006.216,78.4,191.4,276.7,788.4,177.6,788.4,0.840
C5,1,374,1791972006.232,76.2,186.2,275.0,785.8,175.6,785.8,0.834
C5,1,375,1791972006.249,75.3,184.3,274.1,784.5,174.7,784.5,0.832
C5,1,376,1791972006.266,76.0,183.9,272.0,775.6,174.0,775.6,0.825
C5,1,377,1791972006.282,76.8,183.1,270.7,767.9,173.8,767.9,0.822
C5,1,378,1791972006.299,78.0,183.2,269.6,759.4,173.8,759.4,0.826
C5,1,379,1791972006.316,78.0,182.4,269.7,757.4,173.9,757.4,0.821
C5,1,380,1791972006.332,77.5,181.8,270.4,759.5,174.0,759.5,0.828
C5,1,381,1791972006.349,77.3,180.4,269.6,755.3,173.4,755.3,0.828
C5,1,382,1791972006.366,77.4,179.6,268.7,750.6,173.0,750.6,0.827
C5,1,383,1791972006.382,77.8,178.5,267.9,744.5,172.8,744.5,0.835
C5,1,384,1791972006.399,77.6,177.5,267.8,742.5,172.7,742.5,0.844
C5,1,385,1791972006.416,77.7,176.4,267.8,739.5,172.7,739.5,0.841
C5,1,386,1791972006.432,79.3,176.2,266.8,729.1,173.0,729.1,0.861
C5,1,387,1791972006.449,80.0,176.2,267.6,728.0,173.8,728.0,0.845
C5,1,388,1791972006.466,79.5,176.4,268.3,730.5,173.9,730.5,0.850
C5,1,389,1791972006.482,79.7,176.4,268.5,729.2,174.1,729.2,0.852
C5,1,390,1791972006.499,80.2,176.7,268.4,726.8,174.3,726.8,0.849
C5,1,391,1791972006.516,80.1,177.3,269.1,729.4,174.6,729.4,0.829
C5,1,392,1791972006.532,82.3,176.2,268.7,719.8,175.5,719.8,0.831
C5,1,393,1791972006.549,83.1,177.5,268.7,718.9,175.9,718.9,0.842
C5,1,394,1791972006.566,83.2,176.9,270.2,723.7,176.7,723.7,0.836
C5,1,395,1791972006.582,84.4,179.1,270.4,723.4,177.4,723.4,0.835
C5,1,396,1791972006.599,86.9,180.3,269.2,714.5,178.0,714.5,0.848
C5,1,397,1791972006.616,87.2,181.0,269.1,714.6,178.2,714.6,0.860
C5,1,398,1791972006.632,86.3,180.2,270.9,724.2,178.6,724.2,0.852
C5,1,399,1791972006.649,86.9,180.9,271.2,726.0,179.1,726.0,0.857
C5,1,400,1791972006.666,91.1,182.7,268.3,706.1,179.7,706.1,0.858
C5,1,401,1791972006.682,93.2,183.8,268.6,701.7,180.9,701.7,0.839
C5,1,402,1791972006.699,94.7,184.7,268.6,699.4,181.6,699.4,0.850
C5,1,403,1791972006.716,97.4,184.9,269.2,694.4,183.3,694.4,0.850
C5,1,404,1791972006.732,95.9,183.9,272.2,711.2,184.0,711.2,0.860
C5,1,405,1791972006.749,98.8,185.9,272.5,709.1,185.7,709.1,0.838
C5,1,406,1791972006.766,99.5,186.5,274.5,718.8,187.0,718.8,0.840
C5,1,407,1791972006.782,102.1,186.5,274.1,713.6,188.1,713.6,0.850
C5,1,408,1791972006.799,105.3,186.2,272.0,699.5,188.6,699.5,0.871
C5,1,409,1791972006.816,110.4,185.1,268.0,669.7,189.2,669.7,0.888
C5,1,410,1791972006.832,114.1,183.6,265.9,649.3,190.0,649.3,0.909
C5,1,411,1791972006.849,111.5,183.9,269.7,671.9,190.6,671.9,0.883
C5,1,412,1791972006.866,115.6,184.4,267.8,653.6,191.7,653.6,0.875
C5,1,413,1791972006.882,117.2,184.2,268.5,650.8,192.9,650.8,0.871
C5,1,414,1791972006.899,117.7,183.0,268.6,649.7,193.1,649.7,0.881
C5,1,415,1791972006.916,119.2,183.7,268.6,647.2,193.9,647.2,0.880
C5,1,416,1791972006.932,120.5,184.2,268.1,643.2,194.3,643.2,0.884
C5,1,417,1791972006.949,120.9,184.5,267.5,641.9,194.2,641.9,0.887
C5,1,418,1791972006.966,121.6,185.1,266.7,639.4,194.2,639.4,0.885
C5,1,419,1791972006.982,122.2,185.6,266.3,638.0,194.2,638.0,0.884
C5,1,420,1791972006.999,123.5,186.4,266.6,637.6,195.0,637.6,0.885
C5,1,421,1791972007.016,125.2,186.9,267.2,636.2,196.2,636.2,0.887
C5,1,422,1791972007.032,126.4,186.5,267.8,636.1,197.1,636.1,0.885
C5,1,423,1791972007.049,127.5,186.4,268.6,636.7,198.0,636.7,0.876
C5,1,424,1791972007.066,128.8,188.6,269.0,638.6,198.9,638.6,0.868
C5,1,425,1791972007.082,130.4,191.9,268.5,636.9,199.5,636.9,0.895
C5,1,426,1791972007.099,131.9,194.0,268.2,635.1,200.0,635.1,0.897
C5,1,427,1791972007.116,133.3,195.9,268.5,635.5,200.9,635.5,0.890
C5,1,428,1791972007.132,134.9,196.6,267.7,629.6,201.3,629.6,0.892
C5,1,429,1791972007.149,134.3,194.8,269.0,636.8,201.6,636.8,0.855
C5,1,430,1791972007.166,133.1,195.4,267.4,639.9,200.2,639.9,0.866
C5,1,431,1791972007.182,132.0,199.4,263.9,640.7,197.9,640.7,0.883
C5,1,432,1791972007.199,132.0,200.9,262.5,642.8,197.3,642.8,0.876
C5,1,433,1791972007.216,132.3,201.5,261.6,644.0,197.0,644.0,0.864
C5,1,434,1791972007.232,134.8,203.7,263.0,645.1,198.9,645.1,0.858
C5,1,435,1791972007.249,136.9,205.0,263.8,642.5,200.4,642.5,0.856
C5,1,436,1791972007.266,137.2,206.4,263.2,642.2,200.2,642.2,0.867
C5,1,437,1791972007.282,138.0,207.2,264.5,645.8,201.2,645.8,0.858
C5,1,438,1791972007.299,142.4,209.1,260.9,615.8,201.7,615.8,0.863
C5,1,439,1791972007.316,138.7,208.5,262.1,633.4,200.4,633.4,0.864
C5,1,440,1791972007.332,137.2,209.6,261.9,639.6,199.6,639.6,0.867
C5,1,441,1791972007.349,137.3,209.5,261.3,637.3,199.3,637.3,0.871
C5,1,442,1791972007.366,136.8,209.7,260.4,636.5,198.6,636.5,0.883
C5,1,443,1791972007.382,136.3,209.7,259.2,634.1,197.8,634.1,0.878
C5,1,444,1791972007.399,136.4,209.6,258.1,630.2,197.3,630.2,0.884
C5,1,445,1791972007.416,136.9,209.4,256.1,619.9,196.5,619.9,0.876
C5,1,446,1791972007.432,137.6,209.3,254.5,610.1,196.0,610.1,0.884
C5,1,447,1791972007.449,137.1,209.2,253.2,605.2,195.1,605.2,0.886
C5,1,448,1791972007.466,137.9,209.0,251.0,591.9,194.4,591.9,0.902
C5,1,449,1791972007.482,137.3,208.6,250.5,589.2,193.9,589.2,0.892
C5,1,450,1791972007.499,136.5,208.6,249.9,587.4,193.2,587.4,0.894
C5,1,451,1791972007.516,136.2,208.9,249.6,585.3,192.9,585.3,0.900
C5,1,452,1791972007.532,135.3,208.5,249.4,585.1,192.3,585.1,0.896
C5,1,453,1791972007.549,134.7,208.8,249.3,585.5,192.0,585.5,0.908
C5,1,454,1791972007.566,134.0,209.0,248.6,584.6,191.3,584.6,0.918
