incident_id,time,n_inside_total
0,2004.4011228832749,17
1,2078.161073605387,15
2,2121.8028194346916,12
3,2487.84810669166,15
4,2596.064289330903,18
5,2709.1713082779315,19
6,2739.06043835603,20
7,3370.0853075676555,22
8,3397.144443199518,20
9,3460.2527030411593,18
10,3589.9963485223216,14
11,3655.682114628332,12
12,4016.6166051347564,15
13,4261.313607178992,10
14,4593.809420462965,14
15,4658.927020135257,14
16,4679.773469590833,13
17,4765.200963671039,14
18,5265.081979351677,16
19,5328.3009589235635,15
20,5334.633369186333,15
21,5402.067947567867,11
22,5502.023115360399,11
23,5569.958952966674,10
24,5644.638534396615,10
25,5857.042004204259,17
26,6085.101397193608,16
27,6313.301931190126,18
28,6445.593245583029,20
29,6467.035477068815,22
30,6659.574670108768,21
31,6830.172805854734,17
32,6840.752420137345,18
33,6974.7582453545665,14
34,7464.56164427887,13
35,7646.590279452329,14
36,7657.550495412518,14
37,7667.927235824353,13
38,7902.070609369127,13
39,7931.7281927166105,13
40,7948.7491548110975,12
41,8289.230047148136,18
42,8524.373479241403,12
43,9000.414569292923,10
44,9027.22290920467,10
45,9262.09539523601,22
46,9563.941553977409,19
47,9638.773891840612,19
48,9859.772553885286,21
49,10178.64922565995,15
50,10269.35139211549,17
51,10592.262739553964,17
52,10655.409242234186,14
53,10708.01010304264,14
54,10889.473498020176,11
55,11002.0130535373,11
56,11291.077671719459,12
57,12432.21345458203,8
58,12515.919000051876,11
59,12548.655569518742,12
