person,path_id,enter,exit
Person_002,P1,2026-10-14T10:00:00,2026-10-14T10:00:07
Person_005,P2,2026-10-14T10:00:00,2026-10-14T10:00:06
Person_006,P3,2026-10-14T10:00:00,2026-10-14T10:00:04
Person_008,P5,2026-10-14T10:00:00,2026-10-14T10:00:04
Person_010,P6,2026-10-14T10:00:00,2026-10-14T10:00:04
Person_012,P7,2026-10-14T10:00:00,2026-10-14T10:00:04
Person_003,P1,2026-10-14T10:00:01,2026-10-14T10:00:02
Person_007,P3,2026-10-14T10:00:04,2026-10-14T10:00:04
Person_009,P5,2026-10-14T10:00:04,2026-10-14T10:00:04
Person_011,P6,2026-10-14T10:00:04,2026-10-14T10:00:04
Person_013,P7,2026-10-14T10:00:04,2026-10-14T10:00:04
Person_004,P1,2026-10-14T10:00:07,2026-10-14T10:00:07
Person_001,P3,2026-10-14T10:25:00,2026-10-14T10:30:00
Person_001,P4,2026-10-14T10:30:00,2026-10-14T10:41:20
Person_001,P6,2026-10-14T10:41:20,2026-10-14T10:45:00
