incident_id,time
0,1850.6916457422044
1,1870.3838921129607
2,1893.8924499546474
3,1914.3750653869897
4,1935.3796728496163
5,1945.6181922298608
6,1954.2895392761238
7,1964.730154866279
8,2016.7068298734368
9,2114.9838004311237
10,2178.7075836523686
11,2195.1891672140646
12,2260.598754514446
13,2294.1283063516953
14,2350.6753601754217
15,2376.4110853542784
16,2384.349620652201
17,2398.9384438036022
18,2434.140432865878
19,2459.329497146322
20,2544.4619866906396
21,2560.0997663396724
22,2618.39966774155
23,2650.923815642985
24,2655.385766617703
25,2664.6128096336006
26,2709.3197613443654
27,2727.09234398609
28,2756.723687101283
29,2768.63708525336
30,2804.9266052988864
31,2812.6630451784986
32,2856.1045306641363
33,2874.170525734842
34,2919.2840012878805
35,2974.601024909709
36,3021.4525211763266
37,3036.375966039518
38,3070.8198190419325
39,3193.1780735859843
40,3268.025912700277
41,3298.2683678433914
42,3392.6624327100344
43,3407.8660124129924
44,3424.6155676660605
45,3438.9888378094433
46,3441.6343141651005
47,3486.734652700351
48,3504.4793750152685
49,3526.83729368548
50,3543.6487370019804
51,3560.2805903144827
52,3581.7357879093
53,3597.6250326511436
54,3616.1190995535017
55,3636.790773096711
56,3668.1980336615666
57,3807.016522772995
58,3939.7649679227434
59,4049.825673726429
60,4087.3688109430977
61,4087.6144950010575
62,4127.150491846893
63,4134.944074371151
64,4158.208315608956
65,4166.960096618046
66,4184.989062298178
67,4199.6852143472615
68,4203.621088271351
69,4217.302320552317
70,4244.747401157577
71,4408.644667959241
72,4448.966833230475
73,4477.934502471494
74,4538.680946782744
75,4553.620916356326
76,4553.884133207897
77,4558.05804885591
78,4576.287933285368
79,4612.525567588904
80,4633.756662144735
81,4659.236031401712
82,4728.473625015158
83,4743.953963094009
84,4757.87959625703
85,4805.335337218012
86,4855.029891179507
87,4930.258735229974
88,4998.747741249128
89,5011.758678655289
90,5044.969312936037
91,5068.304775397846
92,5078.708358848186
93,5140.0190870882525
94,5148.514804764272
95,5198.942892298714
96,5212.166909153718
97,5222.3239256890465
98,5234.946169446113
99,5276.273339391767
100,5280.374255015837
101,5319.728454085625
102,5323.980059174233
103,5367.707693455472
104,5390.338043386511
105,5391.762164036847
106,5505.225346897
107,5519.179331552645
108,5545.825675180133
109,5588.81363339243
110,5596.499230612699
111,5597.213551344024
112,5614.160693104341
113,5630.99236038643
114,5651.95577780055
115,5778.712225089046
116,5858.53860243734
117,5888.83228856859
118,6045.87505961343
119,6097.619541104414
120,6125.5778497742685
121,6144.305685921524
122,6157.365396256481
123,6173.95890373751
124,6268.962290130968
125,6287.949213852765
126,6309.669825334841
127,6342.891809520575
128,6362.258621136542
129,6408.594781609183
130,6475.969903822045
131,6500.205013629451
132,6558.8375178442575
133,6599.904463187383
134,6617.183438189575
135,6625.694634643631
136,6634.649373463006
137,6644.335491905835
138,6774.028909240922
139,6818.83115214753
140,6818.927166465084
141,6839.226237174937
142,6845.4936272888035
143,6854.536977196293
144,6903.067968902217
145,6958.144018374882
146,6975.198287952438
147,7022.047873400038
148,7042.847936220258
149,7068.588190436838
150,7139.952210865791
151,7164.174996775719
152,7176.09050948082
153,7199.215986094095
154,7273.490145619539
155,7330.802658219674
156,7346.455973960419
157,7457.566945195362
158,7487.5044546194185
159,7500.657185482533
160,7633.502710899668
161,7633.968236243907
162,7750.138951391729
163,7751.315027095927
164,7775.157760826981
165,7791.889061598643
166,7805.521101062118
167,7841.334683715663
168,7848.130550496865
169,7885.805375509642
170,7889.7182861236415
171,7907.239451219207
172,7909.099288867917
173,7956.252335428837
174,8003.387687790548
175,8014.506724047674
176,8036.253024993805
177,8125.282551890114
178,8168.695710531206
179,8242.774406904133
180,8248.077091803876
181,8301.881672437106
182,8311.067059759756
183,8394.901326601186
184,8406.57880451877
185,8467.537367091856
186,8486.695427209583
187,8515.584712421394
188,8544.472277070303
189,8557.93593020456
190,8626.925270713888
191,8700.365748494649
192,8705.528250664478
193,8733.313157680015
194,8783.836418008796
195,8865.349063941867
196,8868.065023336934
197,8881.259552900381
198,8894.505101572402
199,8909.898510206998
200,8916.88183481127
201,8946.011136920526
202,9002.388396056434
203,9008.422257842154
204,9096.927919683076
205,9131.978726650505
206,9132.6564043272
207,9213.123347305274
208,9263.167608125232
209,9318.12317966222
210,9434.986269752262
211,9502.908753727035
212,9504.107038977665
213,9523.612634736653
214,9692.726658739728
215,9713.89203829063
216,9759.672805652523
217,9772.014939881234
218,9781.543264313881
219,9800.402541272713
220,9843.446640377148
221,9855.998757500049
222,9857.126325972375
223,9864.355422925539
224,9883.097801253216
225,9926.527314529874
226,9931.365162566872
227,10097.858120556404
228,10150.479940056002
229,10175.101454884156
230,10232.357618676448
231,10235.170660875345
232,10329.516684074655
233,10349.77218052799
234,10374.486769642115
235,10426.914575293253
236,10427.281240041313
237,10443.168068222669
238,10461.738370536646
239,10465.773986431812
240,10639.785521904301
241,10658.163631335683
242,10706.223126098776
243,10721.192645642192
244,10737.103414639601
245,10754.158473954085
246,10783.07380862178
247,10805.400787769486
248,10806.699433610966
249,10839.189411509064
250,10864.267678711756
251,10890.321202925214
252,10928.4164281354
253,10962.381553961486
254,10997.32767779474
255,11047.482384726352
256,11079.867919066603
257,11144.798693103796
258,11146.129442370113
259,11199.02259880346
260,11269.941683423049
261,11279.417829428998
262,11292.418672292288
263,11317.979248175543
264,11337.290769718898
265,11435.297697129316
266,11440.04636476186
267,11527.979978472276
268,11531.65246913271
269,11560.154274023851
270,11663.43908722709
271,11708.169597427044
272,11755.365878233188
273,11841.810956992389
274,11871.477055635367
275,11876.145747837985
276,11884.149746243724
277,11915.62604654949
278,11915.673918846396
279,11954.85434172888
280,11972.832756078344
281,11996.510830627372
282,12015.579196802468
283,12030.513023868943
284,12037.667096961448
285,12037.882303045613
286,12057.081536525086
287,12110.140811998808
288,12141.721953139308
289,12167.52953224551
290,12185.652206429071
291,12189.585902738429
292,12225.672709994964
293,12234.801672517908
294,12241.402319022412
295,12306.120459896249
296,12364.83015001727
297,12401.949740443855
298,12407.423488462671
299,12587.425166624085
